{"waterlevel": [0.8198310748361662, 0.819879312005291, 0.8198582540733095, 1], "tp": [-1.0, -0.49364652003118903, -0.8948733315032832, 0.24480720228835703]}